date,less65male_2010,less65female_2010,more65male_2010,more65female_2010,less65male_2011,less65female_2011,more65male_2011,more65female_2011,less65male_2012,less65female_2012,more65male_2012,more65female_2012,less65male_2013,less65female_2013,more65male_2013,more65female_2013,less65male_2014,less65female_2014,more65male_2014,more65female_2014,less65male_2015,less65female_2015,more65male_2015,more65female_2015,less65male_2016,less65female_2016,more65male_2016,more65female_2016,less65male_2017,less65female_2017,more65male_2017,more65female_2017,less65male_2018,less65female_2018,more65male_2018,more65female_2018,less65male_2019,less65female_2019,more65male_2019,more65female_2019,less65male_2020,less65female_2020,more65male_2020,more65female_2020
jan.-1,255,106,617,730,219,112,708,780,253,107,643,810,225,103,685,861,209,130,627,735,207,110,725,835,232,90,645,794,215,123,877,991,220,113,770,924,197,112,744,786,197,115,718,875
jan.-2,231,116,596,735,240,118,628,824,233,114,632,776,213,114,677,868,219,112,647,802,208,90,812,862,214,102,693,788,225,110,885,1151,246,108,808,980,237,108,731,859,183,108,762,848
jan.-3,208,112,614,749,249,104,716,812,218,102,666,757,225,101,682,858,211,82,650,769,194,107,771,886,190,104,649,783,219,101,966,1067,185,107,863,982,222,111,730,817,225,116,720,893
jan.-4,252,125,623,748,226,113,679,796,203,106,663,790,212,95,695,801,157,96,635,805,194,95,700,867,252,104,649,830,207,100,882,1062,216,152,840,952,205,110,764,821,183,89,719,846
jan.-5,216,106,643,734,267,120,649,839,218,103,673,763,203,108,651,786,199,88,610,721,242,107,735,894,188,98,704,788,210,111,873,1078,227,91,807,977,198,109,769,845,185,94,669,803
jan.-6,202,118,672,762,214,128,719,852,223,123,636,748,192,120,606,788,219,101,730,736,193,97,728,830,204,93,726,776,230,113,839,1078,203,125,731,961,190,93,720,893,200,95,818,870
jan.-7,245,112,641,748,225,121,653,769,230,94,613,725,206,116,680,785,211,124,665,781,227,102,764,876,188,97,711,735,219,96,889,1035,208,100,755,945,221,121,743,899,204,104,758,930
jan.-8,213,104,698,721,215,94,660,807,199,126,609,779,230,100,698,775,196,108,650,732,207,116,696,901,197,107,657,760,189,126,865,1048,248,101,795,928,191,108,779,887,174,91,802,881
jan.-9,229,112,632,677,207,100,656,710,218,117,651,750,198,89,678,777,219,109,654,768,223,114,747,881,204,110,658,769,228,115,950,1086,220,95,782,963,196,103,788,885,188,95,812,880
jan.-10,213,100,668,751,245,94,667,753,227,120,644,785,198,124,724,822,189,116,606,788,198,119,714,905,187,101,690,767,236,99,943,1141,204,98,745,921,196,86,802,873,195,107,772,864
jan.-11,229,110,680,769,231,119,662,791,203,91,647,745,215,106,666,790,181,106,641,765,193,109,722,879,196,98,711,829,230,97,924,1108,180,108,778,968,192,105,777,866,193,105,704,864
jan.-12,256,126,682,756,241,119,661,764,207,110,630,769,233,109,666,785,190,88,583,701,201,108,796,836,208,94,689,762,199,111,911,1097,199,104,776,916,202,113,782,937,173,86,712,818
jan.-13,244,111,663,778,227,103,632,729,210,99,644,739,217,88,611,759,231,113,623,788,212,105,720,900,172,106,698,788,213,109,936,1093,207,106,764,914,181,86,790,880,180,72,749,825
jan.-14,242,106,665,777,241,88,630,755,200,100,631,717,220,128,654,786,177,107,656,785,209,91,719,872,185,103,698,786,193,98,859,1063,199,104,750,870,203,102,750,935,194,97,825,827
jan.-15,247,106,622,753,229,123,617,756,203,109,624,706,243,111,682,812,213,100,623,700,216,74,711,893,197,88,759,775,184,95,809,1031,197,94,703,852,200,114,772,891,182,102,755,865
jan.-16,236,104,627,727,223,105,623,682,243,103,652,740,223,112,701,821,190,97,675,723,194,110,703,891,191,91,702,787,202,104,885,1042,193,102,757,937,190,120,792,904,197,103,741,840
jan.-17,203,97,585,692,236,91,621,779,235,123,695,767,201,122,710,821,205,95,662,780,222,101,677,819,204,102,612,785,200,101,855,1030,212,112,787,881,218,100,786,863,171,102,732,844
jan.-18,246,98,598,750,202,94,643,719,207,107,682,770,239,100,689,804,199,104,612,727,187,109,709,789,195,106,723,751,190,105,823,999,200,107,758,870,208,104,773,876,168,96,662,842
jan.-19,219,102,641,768,226,102,638,717,218,109,625,736,192,120,716,858,183,83,584,742,220,106,684,849,195,90,720,806,173,113,810,1015,203,107,754,895,180,104,758,888,172,94,686,786
jan.-20,240,120,636,745,204,117,579,713,238,115,636,720,186,88,712,825,210,108,602,751,179,104,734,856,216,110,743,810,221,99,838,1005,169,96,749,909,163,86,720,885,186,96,729,784
jan.-21,210,104,628,732,215,97,597,744,207,91,629,735,266,111,735,837,175,91,658,707,201,107,664,829,180,79,735,819,205,93,835,1060,194,99,805,870,220,115,748,871,199,108,687,821
jan.-22,236,114,610,729,213,115,631,692,233,99,674,736,237,119,731,846,185,115,606,760,198,119,710,828,187,105,699,792,209,104,801,1006,199,100,716,876,207,124,803,938,179,93,729,802
jan.-23,210,108,597,736,196,101,565,674,241,92,668,735,206,100,725,807,203,94,602,655,204,107,698,866,199,110,729,809,197,118,833,1058,192,106,711,855,186,109,776,933,186,100,733,771
jan.-24,214,105,639,694,240,98,654,754,217,115,671,728,233,103,719,846,218,101,632,717,208,108,741,856,172,94,599,789,190,92,784,1036,195,86,740,877,188,121,776,851,164,84,731,876
jan.-25,236,104,666,709,236,112,617,723,209,102,606,746,239,118,676,819,216,95,623,711,215,121,675,806,191,91,730,770,174,111,888,1049,230,92,710,850,215,108,825,897,159,100,698,854
jan.-26,230,116,614,681,213,118,591,699,211,107,631,753,218,97,721,815,194,103,590,651,226,80,746,853,182,94,670,759,198,91,908,1030,205,74,728,818,179,110,840,958,171,91,668,832
jan.-27,246,102,618,718,190,108,586,672,239,98,622,707,196,110,702,815,200,109,615,720,214,111,781,905,184,95,676,845,199,99,823,1091,151,103,730,800,153,117,855,890,211,103,724,845
jan.-28,204,111,627,731,195,117,597,659,203,96,628,689,230,110,706,840,204,94,626,775,192,105,734,846,219,88,648,793,190,98,845,984,186,100,686,763,222,104,833,950,181,90,759,788
jan.-29,238,120,629,721,196,104,647,760,218,98,581,729,211,112,731,866,189,97,607,745,206,119,797,897,204,97,680,817,188,101,802,1009,207,95,716,802,210,87,797,944,186,88,785,809
jan.-30,212,103,603,692,197,120,604,699,196,82,633,739,215,124,701,861,218,102,646,700,208,115,780,925,176,75,629,786,189,103,791,1073,186,115,725,809,195,100,839,899,186,101,706,780
jan.-31,208,112,632,732,197,114,656,692,203,104,632,763,215,95,703,793,184,95,589,702,213,117,782,890,201,91,680,737,181,112,832,1035,190,96,710,835,176,107,832,930,195,96,739,820
fev.-1,215,96,629,734,227,91,631,734,208,121,614,731,212,121,731,879,188,90,657,738,218,98,709,806,218,104,651,796,212,116,851,1040,193,104,690,785,207,119,831,1012,164,88,679,809
fev.-2,211,124,669,685,251,119,634,697,217,102,657,689,199,98,635,783,189,106,629,715,203,95,744,952,217,111,721,757,168,95,821,1017,182,98,659,852,216,103,802,935,190,98,751,806
fev.-3,218,120,640,727,222,102,637,700,213,116,644,750,208,99,672,743,218,106,666,737,220,102,803,921,199,97,668,810,218,116,825,922,179,105,702,765,184,114,739,889,180,100,744,860
fev.-4,232,112,606,680,243,113,625,729,226,114,666,784,236,110,728,851,209,117,651,731,227,109,803,939,193,112,658,749,170,85,819,976,212,104,688,788,206,126,807,914,179,108,737,850
fev.-5,212,89,639,736,215,96,646,719,200,112,675,783,198,119,731,753,182,93,588,703,253,116,769,913,173,95,656,799,188,87,743,928,208,99,723,858,198,102,810,1000,171,99,695,785
fev.-6,247,105,650,714,230,110,619,719,227,102,690,830,217,123,668,753,235,97,668,719,208,122,806,919,190,86,677,761,200,113,773,946,219,92,722,863,193,100,841,982,186,93,714,821
fev.-7,216,97,572,705,225,125,610,766,243,96,731,831,228,116,706,796,212,115,605,738,193,127,813,962,175,96,637,694,199,97,780,933,219,85,739,822,184,95,817,953,183,106,719,818
fev.-8,203,117,614,725,229,106,682,749,227,121,653,787,213,111,691,817,165,109,665,737,220,93,798,946,216,102,649,755,191,106,735,979,192,106,712,816,222,102,840,937,181,99,743,779
fev.-9,223,120,586,716,215,123,642,732,241,90,722,822,217,108,653,787,211,95,644,698,246,125,780,1000,184,113,644,771,202,103,742,902,189,108,726,842,208,97,792,966,163,85,706,756
fev.-10,206,112,619,688,217,117,669,733,235,112,733,850,224,124,702,820,247,110,637,777,195,94,828,1002,195,97,679,774,196,111,744,958,193,108,789,855,179,95,790,920,191,95,741,799
fev.-11,234,100,632,721,220,104,594,703,223,99,711,837,223,127,734,888,207,107,671,739,209,130,795,1029,188,97,633,765,185,104,732,894,212,106,695,854,220,88,822,912,198,88,689,806
fev.-12,219,122,649,719,228,111,621,667,203,89,689,859,231,112,746,814,204,104,690,723,230,115,816,1003,227,88,664,795,209,99,716,879,189,95,726,836,191,110,774,917,169,98,752,775
fev.-13,221,116,606,746,208,100,600,699,205,106,694,874,227,121,710,851,199,92,691,756,212,115,827,999,227,112,669,814,194,91,786,909,193,100,702,902,194,104,761,955,159,94,713,800
fev.-14,229,125,605,774,215,111,598,744,212,104,755,889,212,94,724,794,218,118,633,801,205,120,865,1030,200,94,666,793,181,90,719,908,179,111,741,847,190,105,803,907,193,104,678,793
fev.-15,238,118,631,765,214,98,616,732,248,97,738,893,254,112,698,827,221,89,661,746,204,93,786,1030,213,108,699,731,205,111,716,925,207,106,698,804,201,114,806,927,175,88,710,782
fev.-16,233,93,646,775,218,112,639,713,223,110,735,951,208,87,705,822,190,95,625,708,219,111,773,1015,218,99,679,747,202,102,740,845,214,113,801,869,198,110,806,907,160,122,702,794
fev.-17,232,103,638,758,207,127,643,720,234,113,718,903,231,112,693,788,195,109,655,758,189,101,822,1043,162,100,662,759,199,104,708,892,196,107,752,822,177,111,781,838,193,87,737,842
fev.-18,215,101,669,730,225,117,594,667,222,125,726,923,247,117,690,872,193,109,621,700,219,116,799,962,182,115,630,795,172,83,710,791,195,90,699,801,218,115,787,912,155,88,708,811
fev.-19,234,111,645,768,205,105,574,686,224,102,707,889,222,98,707,797,227,102,674,719,223,112,804,989,189,111,649,776,161,74,649,781,216,106,753,903,189,113,835,986,160,87,700,719
fev.-20,230,110,640,740,205,115,578,722,224,101,705,871,252,118,708,781,202,103,659,751,241,119,771,971,187,99,642,768,183,98,670,808,202,101,782,858,199,121,777,935,184,107,665,744
fev.-21,236,115,589,726,245,110,570,730,211,119,734,887,207,133,760,827,216,110,646,746,202,108,843,994,191,112,625,745,204,98,657,817,207,111,726,835,186,95,792,922,186,93,715,746
fev.-22,241,104,651,838,201,94,623,687,226,113,745,924,218,112,702,860,190,106,639,680,201,103,778,897,235,100,688,774,191,88,745,832,198,101,743,832,176,111,828,904,179,95,621,742
fev.-23,217,108,630,754,229,118,571,712,207,110,756,919,208,109,715,805,207,87,586,721,208,108,835,1007,201,88,675,758,194,105,668,826,203,98,772,899,163,97,764,832,184,77,654,750
fev.-24,202,108,627,757,198,110,648,701,217,115,749,925,206,108,706,815,196,101,650,738,195,110,803,962,193,103,633,751,175,120,697,819,184,125,713,922,184,100,724,844,176,92,693,758
fev.-25,222,120,602,734,206,92,608,730,235,112,722,914,234,102,723,830,207,108,639,769,203,102,787,953,164,97,631,751,164,75,653,780,179,91,790,890,218,93,760,973,172,91,676,744
fev.-26,214,121,620,734,207,101,552,682,218,91,711,971,258,104,743,902,185,105,689,693,188,101,766,913,194,104,637,750,174,95,664,809,213,94,813,906,189,100,774,892,195,74,728,801
fev.-27,193,104,584,702,201,84,584,689,248,99,769,910,238,116,708,851,219,100,647,790,176,99,764,896,208,103,650,799,195,107,692,798,189,112,797,896,205,95,801,878,168,114,665,790
fev.-28,201,113,583,732,224,109,580,667,242,108,679,915,206,110,711,890,208,108,628,712,193,119,703,901,194,91,649,703,206,109,692,808,241,95,777,879,192,103,760,897,164,112,675,798
fev.-29,,,,,,,,,208,110,738,922,,,,,,,,,,,,,212,113,701,827,,,,,,,,,,,,,153,90,640,808
mar.-1,218,100,635,641,223,89,587,695,221,119,782,924,213,99,761,877,204,89,653,731,201,96,741,885,214,112,680,818,188,119,625,763,217,115,866,970,202,106,701,888,181,82,698,804
mar.-2,229,107,601,713,193,98,582,668,234,102,766,878,233,93,735,908,187,90,608,780,201,113,742,924,210,83,669,772,193,102,694,793,240,111,834,1030,188,100,786,863,178,73,725,797
mar.-3,209,106,577,669,219,91,574,698,236,96,709,841,204,109,702,868,203,99,630,728,200,103,828,902,199,83,711,799,191,113,719,729,203,106,842,1012,184,106,680,802,194,105,724,733
mar.-4,258,95,581,705,222,93,590,649,195,98,695,877,227,101,731,905,203,111,605,747,188,102,744,863,203,104,697,749,183,89,666,802,204,131,788,999,192,105,723,889,176,82,704,826
mar.-5,230,101,574,675,200,95,582,685,233,110,719,848,263,118,744,809,185,104,616,691,193,99,763,877,221,87,660,767,155,75,580,749,221,93,873,1039,210,93,737,851,174,91,726,765
mar.-6,211,83,579,603,202,111,555,691,180,111,768,835,209,105,752,897,221,102,604,756,197,115,710,851,203,96,626,800,194,87,645,732,215,114,877,981,183,101,756,849,167,90,758,810
mar.-7,193,119,560,707,210,107,597,676,203,103,720,832,196,100,716,844,176,103,599,718,194,89,722,860,202,99,735,724,195,108,620,801,193,94,811,984,188,119,722,856,163,88,668,755
mar.-8,264,115,596,693,215,90,623,726,220,98,691,825,212,100,707,878,200,96,650,729,189,91,675,789,211,94,772,708,187,90,658,721,202,107,849,982,198,99,737,795,151,80,686,769
mar.-9,220,98,623,743,176,107,599,710,225,98,632,819,225,121,665,860,191,104,621,688,201,117,700,848,200,106,660,838,201,93,625,809,202,108,816,959,167,97,718,813,179,97,729,793
mar.-10,220,101,590,654,214,105,607,628,215,109,649,823,204,92,668,780,215,114,639,709,221,109,735,866,209,106,700,819,186,100,717,786,217,110,799,985,146,94,700,761,177,82,710,829
mar.-11,234,119,603,749,218,104,593,688,226,100,646,867,196,88,659,818,191,119,639,711,185,112,718,825,181,92,656,779,193,105,662,741,197,106,715,943,208,99,650,831,149,104,753,858
mar.-12,216,114,640,720,195,115,581,654,198,83,714,874,228,111,687,770,214,102,577,729,202,95,687,779,185,120,688,771,170,94,600,745,206,95,772,993,171,108,668,786,154,99,701,810
mar.-13,201,98,610,705,189,90,589,640,220,124,631,814,214,113,726,843,202,85,684,705,187,97,699,845,192,97,648,748,210,88,642,794,208,106,783,904,163,85,667,799,169,87,685,794
mar.-14,232,93,612,639,190,101,578,725,201,109,718,799,229,107,688,846,194,104,687,720,220,88,669,782,213,94,675,773,192,97,632,713,200,98,733,920,180,104,692,771,148,84,687,796
mar.-15,193,104,627,719,228,84,587,684,199,122,651,778,200,86,653,774,207,89,554,701,194,91,644,761,196,104,756,799,171,80,629,702,200,86,766,874,145,107,707,806,151,84,792,774
mar.-16,248,114,586,712,224,110,635,677,225,104,687,820,216,81,670,773,200,107,639,668,217,90,696,829,204,108,719,795,198,101,609,704,201,103,769,854,174,103,667,795,173,92,802,877
mar.-17,252,93,635,709,193,98,578,641,199,84,646,803,224,113,611,762,239,105,631,667,210,87,709,841,205,95,677,802,179,76,667,703,167,97,703,896,159,95,621,777,168,85,792,937
mar.-18,196,90,595,693,204,96,566,653,195,79,650,732,229,116,640,784,213,103,654,695,208,94,638,835,213,96,719,821,194,88,567,704,173,86,704,851,190,89,683,816,163,92,821,875
mar.-19,217,103,663,700,193,84,543,616,209,87,679,760,213,113,594,773,213,98,616,721,198,106,650,769,191,105,672,783,178,109,666,703,192,88,760,812,167,104,635,800,169,108,805,971
mar.-20,206,93,634,681,168,98,547,599,200,85,615,694,179,102,614,805,206,104,622,679,189,105,669,779,199,108,626,708,200,102,598,704,194,80,711,829,190,93,627,769,170,82,821,904
mar.-21,218,104,565,695,245,108,558,575,219,98,634,703,226,118,609,748,182,109,609,726,189,99,639,766,216,102,699,778,184,83,628,731,187,86,790,856,206,79,730,709,149,92,784,840
mar.-22,182,103,597,675,198,90,550,659,220,99,645,737,215,107,679,754,180,109,583,685,205,90,603,784,208,114,679,801,193,94,607,730,190,99,760,864,178,97,674,753,163,91,833,849
mar.-23,221,110,574,654,230,92,558,673,219,107,629,733,198,110,629,732,188,92,593,705,205,86,687,793,163,104,691,790,182,103,635,681,180,99,773,804,175,93,697,769,185,100,877,910
mar.-24,185,87,573,658,200,105,609,653,208,99,629,703,190,94,593,693,199,103,609,671,282,170,698,771,221,117,661,810,193,94,649,692,201,95,760,856,171,97,646,740,163,84,881,940
mar.-25,209,94,576,630,217,103,581,689,196,102,570,666,194,102,586,712,156,109,588,678,209,108,691,748,198,105,676,773,182,95,593,744,183,93,734,834,185,80,674,746,188,106,1007,928
mar.-26,200,104,552,659,201,84,606,629,213,114,632,744,204,101,593,729,150,84,590,666,168,84,621,732,195,104,726,773,195,85,536,653,195,90,742,847,168,82,633,768,172,91,1009,1013
mar.-27,204,90,532,619,197,81,528,592,192,115,637,728,222,82,689,732,186,97,603,701,221,104,666,730,159,93,607,716,186,92,585,683,192,107,724,865,181,96,688,742,201,98,982,1015
mar.-28,189,85,520,642,195,101,586,627,183,92,634,745,206,92,640,715,218,124,575,639,233,80,625,754,213,105,693,806,169,101,641,733,195,89,725,841,176,92,708,738,179,96,1027,1062
mar.-29,235,108,589,672,223,79,580,663,193,101,611,741,217,99,613,701,233,89,573,608,186,79,635,694,226,111,713,860,176,87,580,689,171,110,721,846,198,88,684,714,170,93,981,997
mar.-30,199,113,559,634,240,99,557,653,199,89,580,697,200,104,653,751,183,94,554,627,204,121,690,735,183,102,663,812,176,91,638,734,201,98,720,806,197,86,636,742,193,97,1090,1142
mar.-31,179,101,573,609,203,104,526,646,207,91,564,648,226,83,562,634,199,58,631,702,194,102,651,722,186,105,662,825,207,100,630,705,180,96,676,832,167,89,610,771,206,96,1097,1156
abr.-1,217,108,587,653,179,86,620,641,198,90,577,696,185,114,584,682,205,85,622,697,198,96,642,715,223,139,620,769,195,105,582,746,188,104,693,816,188,91,692,744,185,104,1126,1146
abr.-2,244,106,599,615,188,92,506,662,202,88,594,672,207,104,631,705,170,88,648,675,201,96,610,726,208,113,653,743,178,86,561,705,174,87,667,807,180,75,693,770,168,90,1093,1092
abr.-3,212,106,566,606,239,78,562,584,215,99,623,692,218,104,665,671,194,104,641,703,224,91,663,724,196,80,654,730,190,91,616,707,206,100,736,832,165,93,660,790,190,102,1012,1214
abr.-4,177,107,501,614,212,94,514,595,206,100,586,688,201,107,664,675,199,112,595,688,181,83,641,678,211,99,670,765,179,74,617,680,163,89,705,817,174,100,669,747,184,87,1035,1139
abr.-5,220,82,604,627,197,91,552,608,215,89,584,723,204,99,641,716,193,87,624,650,201,81,603,659,214,106,701,743,196,107,587,712,206,80,693,803,206,92,650,734,178,77,1031,1111
abr.-6,216,101,595,667,220,112,567,627,204,98,641,670,213,98,609,729,206,105,578,695,179,104,635,682,205,101,667,779,195,105,622,670,180,100,679,798,180,88,672,728,155,99,1036,1110
abr.-7,199,127,541,710,204,91,553,667,213,107,616,736,205,116,572,726,206,98,616,653,210,90,624,748,205,109,660,738,189,103,595,667,182,88,681,817,196,98,675,729,,,,
abr.-8,175,124,545,639,192,103,565,604,184,81,574,651,233,100,661,744,173,110,607,629,220,88,664,735,189,107,682,699,166,97,602,708,176,105,682,782,174,92,667,755,,,,
abr.-9,231,88,561,608,218,114,550,639,209,97,562,663,183,126,611,728,211,83,561,659,218,97,653,728,189,100,607,747,202,85,561,706,189,97,696,787,175,110,633,729,,,,
abr.-10,209,110,562,661,209,116,510,612,219,90,580,733,205,100,612,760,200,105,553,641,228,88,667,726,200,94,617,779,175,97,631,663,219,99,666,840,167,91,695,731,,,,
abr.-11,205,95,533,611,199,103,551,610,225,89,550,722,195,82,584,704,167,87,566,685,211,101,627,732,194,105,663,726,201,93,628,696,191,100,685,757,167,89,625,749,,,,
abr.-12,213,99,584,636,222,107,539,565,224,100,588,692,191,105,649,734,200,89,558,630,190,77,613,676,203,111,660,830,181,86,613,705,187,116,696,763,192,78,623,748,,,,
abr.-13,207,112,571,650,215,90,546,592,211,87,618,688,185,91,606,679,191,106,586,627,210,96,590,755,196,86,652,724,185,97,679,711,176,95,661,757,171,85,643,670,,,,
abr.-14,208,95,555,606,207,86,493,536,199,74,586,702,225,106,568,708,184,115,566,610,201,98,643,673,191,100,657,703,210,89,589,709,178,105,626,731,159,80,594,703,,,,
abr.-15,216,97,585,623,205,86,535,586,199,98,543,708,225,104,633,701,188,103,555,631,209,104,653,719,194,89,682,733,137,95,587,658,188,82,633,783,170,90,645,733,,,,
abr.-16,195,105,576,640,221,122,517,571,208,87,602,633,190,99,584,681,190,93,602,581,214,90,646,718,195,110,581,678,156,96,580,683,210,99,658,743,202,84,649,755,,,,
abr.-17,237,98,568,666,185,93,524,578,212,109,575,637,183,95,614,646,197,88,597,660,192,110,644,687,201,96,620,633,172,85,587,624,186,100,661,720,185,82,713,766,,,,
abr.-18,209,94,578,646,208,122,553,653,205,99,613,686,206,89,629,668,181,102,576,687,193,82,525,697,227,111,603,717,198,79,617,681,187,86,711,685,190,96,617,736,,,,
abr.-19,213,100,576,599,221,97,560,633,208,110,610,748,188,102,616,661,195,108,601,623,161,82,533,721,180,113,614,699,195,104,627,674,181,106,726,754,170,86,676,763,,,,
abr.-20,206,98,594,684,221,92,534,620,218,98,649,700,204,87,553,665,169,98,610,697,221,91,582,682,180,96,647,750,177,100,611,670,199,94,681,807,177,89,656,777,,,,
abr.-21,250,98,578,581,202,93,582,634,178,97,605,681,221,90,547,655,193,95,567,674,199,94,603,755,191,85,619,685,190,114,640,704,211,100,664,794,149,79,621,727,,,,
abr.-22,200,93,567,598,219,99,588,638,193,107,561,646,203,98,556,648,184,105,622,687,179,82,602,713,167,93,597,691,167,93,631,732,160,86,625,726,186,87,659,745,,,,
abr.-23,223,82,529,649,227,94,612,620,203,112,635,671,228,102,609,610,174,88,603,643,177,94,574,737,190,91,568,677,203,94,602,697,191,83,624,722,196,86,650,774,,,,
abr.-24,211,99,580,607,204,108,545,648,180,96,617,717,191,81,582,699,192,119,599,660,196,95,572,736,179,78,573,687,196,92,607,744,181,99,619,731,186,94,686,801,,,,
abr.-25,198,89,565,654,196,86,513,590,200,94,602,632,203,117,571,700,192,103,622,650,184,95,615,721,187,95,617,693,192,103,671,715,197,95,633,683,185,78,660,735,,,,
abr.-26,216,124,505,636,202,105,580,621,200,94,582,731,204,104,591,667,192,104,557,655,177,102,617,658,187,89,607,643,208,96,676,708,157,104,649,660,203,82,645,713,,,,
abr.-27,206,89,611,596,197,86,502,618,209,111,598,709,187,105,549,671,179,111,535,614,203,84,626,665,202,96,608,694,178,108,622,745,187,88,636,687,170,95,625,690,,,,
abr.-28,232,125,565,632,203,102,551,669,205,93,573,667,168,92,515,654,177,96,601,624,177,105,628,655,178,93,657,724,162,107,631,682,185,104,605,710,174,83,616,742,,,,
abr.-29,226,104,530,649,213,119,576,614,179,97,554,663,212,85,558,643,196,99,597,638,190,108,587,703,194,104,605,698,152,97,646,675,158,84,619,735,181,105,617,682,,,,
abr.-30,224,114,534,585,210,87,522,570,212,89,553,669,184,103,567,630,211,110,591,653,166,88,590,671,198,89,618,713,184,93,624,683,195,93,620,681,179,82,623,698,,,,
mai.-1,212,85,535,632,237,92,570,628,229,107,590,660,171,82,598,675,174,83,579,643,185,104,612,694,158,95,630,634,171,68,680,657,175,77,588,662,179,78,665,756,,,,
mai.-2,202,93,518,607,259,124,546,628,204,102,542,657,198,102,575,627,199,90,576,636,173,99,614,696,196,94,615,761,181,91,649,719,189,102,654,659,206,100,616,740,,,,
mai.-3,197,108,560,591,202,96,528,646,206,88,570,641,177,110,561,655,188,76,565,622,175,97,606,660,196,94,642,709,167,107,610,702,191,80,571,653,187,81,593,752,,,,
mai.-4,199,84,526,618,178,107,537,620,203,92,534,631,169,101,500,638,187,78,538,618,201,101,623,679,183,91,590,703,164,109,626,719,189,99,670,701,164,90,640,710,,,,
mai.-5,196,86,506,587,229,92,579,598,200,85,590,658,205,98,576,667,184,74,610,649,189,109,604,692,169,108,634,654,181,122,628,688,182,106,590,750,175,90,602,657,,,,
mai.-6,228,100,525,586,196,104,581,646,187,85,562,641,215,82,558,637,189,103,627,692,180,95,592,688,192,79,645,700,171,96,649,718,177,94,640,700,215,100,662,737,,,,
mai.-7,212,97,560,601,197,90,554,641,199,101,560,653,192,100,583,662,202,100,599,656,200,98,575,663,172,98,671,732,163,86,639,679,180,122,624,696,174,82,636,760,,,,
mai.-8,227,111,534,624,175,89,517,581,189,93,591,614,209,93,575,653,181,99,615,659,185,83,579,657,170,85,583,679,150,93,609,673,167,86,620,699,183,82,633,721,,,,
mai.-9,208,91,481,575,221,130,572,613,219,118,587,667,178,86,527,629,190,90,583,675,171,94,593,677,206,105,628,730,199,106,619,688,176,86,605,682,166,99,640,711,,,,
mai.-10,195,99,620,631,233,100,563,623,210,100,602,709,174,99,590,629,169,108,545,631,189,89,576,662,212,96,650,702,200,105,616,692,167,89,548,659,178,108,670,722,,,,
mai.-11,213,97,560,660,220,94,535,607,238,108,603,674,184,108,509,619,179,67,552,602,204,95,626,672,177,106,659,677,199,81,726,655,196,114,593,696,159,87,633,661,,,,
mai.-12,196,91,552,590,209,86,543,553,177,114,564,618,179,82,517,593,173,99,592,616,209,101,593,655,207,102,641,662,187,84,586,716,191,93,583,665,164,94,629,703,,,,
mai.-13,193,81,531,624,212,95,527,552,202,106,537,617,199,108,592,655,221,88,589,613,185,83,610,660,172,102,614,665,179,82,611,682,161,80,559,609,176,89,644,649,,,,
mai.-14,205,97,500,577,188,88,542,647,187,106,529,660,209,102,573,625,217,88,551,618,205,83,514,646,173,100,560,636,202,89,603,667,166,105,573,655,198,90,620,716,,,,
mai.-15,219,79,490,580,199,96,504,553,204,104,536,617,210,87,572,615,194,100,575,562,200,96,539,627,177,64,593,666,209,106,637,718,185,93,561,673,185,103,616,727,,,,
mai.-16,194,97,529,598,173,106,491,561,179,111,503,608,225,104,553,644,194,104,588,622,182,69,567,633,192,87,582,625,194,106,641,701,191,99,594,681,178,102,660,694,,,,
mai.-17,230,108,592,624,184,96,556,606,212,75,554,597,213,91,596,609,195,84,611,624,165,105,522,594,181,83,595,710,184,81,621,691,179,80,619,689,196,97,625,729,,,,
mai.-18,239,103,597,626,195,101,535,630,228,91,561,649,179,90,572,602,217,97,606,622,221,114,575,644,179,90,621,682,175,87,644,689,191,99,593,718,179,78,655,746,,,,
mai.-19,205,105,554,620,193,99,529,589,207,105,528,598,194,84,540,613,202,114,566,679,195,102,548,591,203,94,680,703,170,105,560,655,188,109,578,663,162,89,608,730,,,,
mai.-20,247,90,582,654,206,92,518,525,201,87,529,651,214,79,540,567,198,99,601,675,180,89,559,573,190,84,605,675,181,75,571,677,165,99,600,687,166,104,674,724,,,,
mai.-21,234,112,604,630,208,94,530,593,202,92,533,662,209,98,579,628,193,98,615,643,199,91,527,616,193,101,620,692,168,98,605,671,170,94,623,693,163,87,653,707,,,,
mai.-22,201,110,574,619,184,84,495,618,196,91,589,619,192,97,583,598,176,109,598,637,191,100,536,627,172,81,580,638,177,91,558,703,158,105,585,711,185,103,624,658,,,,
mai.-23,201,89,554,617,230,106,483,588,184,111,581,664,174,106,565,594,209,80,589,617,213,80,602,703,201,97,620,629,188,90,565,720,196,106,623,707,191,91,644,756,,,,
mai.-24,216,96,568,665,194,87,556,607,229,106,581,616,198,98,533,644,210,80,553,615,173,94,588,647,178,99,623,650,169,100,618,677,181,113,629,687,191,105,633,745,,,,
mai.-25,255,107,638,694,207,95,502,553,231,101,594,603,198,86,570,642,165,100,518,614,190,80,560,651,181,78,560,653,197,86,596,696,196,89,625,678,182,84,578,682,,,,
mai.-26,213,86,595,650,223,97,530,580,227,102,592,618,195,101,514,638,193,94,509,634,219,90,616,623,209,95,606,680,200,98,599,698,172,98,629,716,148,81,583,666,,,,
mai.-27,221,103,579,608,240,108,529,545,179,86,545,623,214,98,619,692,180,83,598,608,182,84,543,607,177,83,627,676,202,103,600,731,166,99,603,721,183,94,596,694,,,,
mai.-28,237,97,541,581,187,100,494,562,202,101,488,630,201,100,594,644,213,108,587,618,193,95,583,644,191,90,618,709,186,87,618,671,196,100,646,691,174,89,598,698,,,,
mai.-29,228,103,506,574,202,93,525,585,192,101,572,627,196,101,560,643,189,103,538,619,175,89,590,607,188,86,586,677,203,105,657,693,192,94,598,707,171,85,588,670,,,,
mai.-30,206,103,534,605,200,99,529,616,227,99,509,673,184,109,535,616,174,93,539,590,196,89,600,678,189,81,563,687,177,92,610,669,166,88,640,670,150,92,574,650,,,,
mai.-31,217,113,584,571,199,102,579,598,216,112,546,607,207,92,566,569,142,82,554,642,179,88,596,634,192,88,625,644,182,88,565,688,165,93,595,652,172,90,604,702,,,,
jun.-1,227,114,558,609,204,94,527,528,210,105,509,597,214,107,577,639,208,98,521,604,206,98,605,688,189,79,572,642,170,94,608,641,160,85,606,645,180,105,624,683,,,,
jun.-2,230,84,528,596,200,89,500,561,194,106,553,616,191,84,526,628,186,99,554,617,183,88,591,646,159,93,571,615,181,89,561,653,179,83,623,675,175,82,622,696,,,,
jun.-3,218,111,566,618,188,95,506,588,208,87,558,639,202,88,589,611,176,88,572,651,196,91,575,651,176,95,570,611,178,78,599,655,165,93,585,688,202,93,656,680,,,,
jun.-4,223,112,585,647,185,91,563,643,227,88,514,570,206,105,605,658,199,84,562,645,199,114,574,656,194,92,558,617,169,95,508,571,178,80,571,694,172,85,640,689,,,,
jun.-5,211,102,601,646,183,92,571,610,192,87,487,581,195,82,580,677,202,103,587,638,218,99,641,690,164,106,573,662,175,88,550,630,154,91,598,617,182,96,607,644,,,,
jun.-6,224,94,566,641,206,97,535,592,202,87,538,600,210,103,592,659,184,108,584,643,178,94,614,672,197,101,585,641,179,93,540,584,173,108,591,619,172,110,554,676,,,,
jun.-7,210,113,560,600,201,84,568,600,194,90,510,596,217,110,606,707,203,112,586,692,181,94,515,617,195,94,601,671,179,99,547,618,177,91,573,657,179,81,609,629,,,,
jun.-8,224,88,518,573,200,81,516,549,227,99,529,550,201,93,566,622,191,95,599,665,182,96,546,631,196,103,592,716,192,81,531,644,206,106,597,689,139,95,590,671,,,,
jun.-9,211,80,573,560,198,83,490,556,193,95,493,557,189,97,592,636,217,100,571,670,170,113,546,689,194,91,620,631,201,109,587,678,188,82,584,644,169,67,586,645,,,,
jun.-10,192,93,540,628,226,89,503,513,201,86,517,533,196,99,574,611,194,104,656,632,185,88,601,649,194,105,591,660,158,90,554,638,175,77,568,645,181,62,572,652,,,,
jun.-11,206,92,521,566,195,81,521,576,218,93,511,607,222,102,564,564,202,85,596,602,193,84,554,646,175,118,581,599,191,91,578,652,195,75,615,638,186,92,565,672,,,,
jun.-12,204,111,500,546,187,88,514,552,217,108,505,589,195,97,542,619,212,95,574,622,202,95,612,675,179,81,511,658,191,88,581,647,177,99,611,648,175,95,607,628,,,,
jun.-13,206,94,482,544,177,115,540,574,193,93,547,598,187,93,567,640,192,87,548,671,191,97,560,637,201,97,553,632,166,108,582,617,185,98,579,583,192,86,595,703,,,,
jun.-14,198,97,523,553,230,88,572,628,214,105,538,601,211,87,519,593,212,91,549,590,193,106,514,673,186,102,590,642,197,103,576,616,179,84,583,607,178,85,557,693,,,,
jun.-15,195,93,515,574,232,105,527,616,211,112,555,587,210,91,514,579,181,91,519,589,200,69,572,629,189,97,539,638,182,96,622,654,223,77,606,610,184,126,585,687,,,,
jun.-16,221,97,514,536,224,113,548,617,210,81,545,610,188,99,578,603,221,98,508,563,204,89,576,598,163,98,570,609,201,125,607,610,173,88,599,611,176,117,587,654,,,,
jun.-17,227,110,531,528,189,114,497,582,204,93,487,570,187,87,578,612,192,88,517,637,186,107,525,610,192,86,543,672,186,86,558,621,163,95,568,637,190,102,625,725,,,,
jun.-18,196,98,539,568,182,96,517,561,213,92,552,589,215,98,570,667,189,79,532,581,175,95,579,638,174,93,552,599,189,110,552,645,169,86,582,621,184,83,626,683,,,,
jun.-19,203,97,425,568,203,84,495,518,237,101,563,631,193,95,596,637,178,95,528,626,204,82,542,655,183,96,544,627,219,103,608,663,206,97,601,640,196,95,605,732,,,,
jun.-20,201,90,490,527,174,119,537,560,218,112,513,601,179,89,561,638,201,100,570,612,212,92,541,629,203,91,529,623,216,102,662,698,168,105,596,704,170,100,608,689,,,,
jun.-21,207,95,505,572,213,94,478,615,196,118,516,638,187,87,514,633,201,99,533,608,177,85,554,626,182,97,587,684,204,103,693,735,183,83,637,678,195,78,584,642,,,,
jun.-22,211,104,520,596,217,94,571,606,198,109,555,603,197,96,544,545,199,113,534,605,216,98,597,635,212,91,664,699,218,124,691,718,179,108,598,644,180,89,583,628,,,,
jun.-23,231,109,517,610,208,88,533,566,172,105,545,627,155,72,504,577,206,115,535,610,182,102,530,588,176,117,589,731,197,91,622,649,164,87,596,581,197,81,560,679,,,,
jun.-24,225,99,531,600,199,88,466,543,180,96,514,580,182,89,490,582,206,95,525,579,192,91,560,629,196,91,614,723,189,96,590,633,203,97,553,639,175,93,641,685,,,,
jun.-25,213,104,551,629,196,95,515,565,194,106,565,616,187,88,494,567,187,98,558,605,196,97,592,670,186,82,586,633,185,84,576,578,172,86,607,639,181,108,625,678,,,,
jun.-26,204,112,554,618,224,101,510,603,214,99,565,622,200,99,544,577,191,100,570,605,227,107,610,645,210,87,513,600,199,103,584,612,195,95,647,664,188,94,650,724,,,,
jun.-27,247,82,556,633,249,115,620,692,240,95,608,613,196,80,531,573,188,97,541,576,188,94,588,639,183,105,568,581,205,100,591,675,164,127,618,723,203,109,641,698,,,,
jun.-28,207,112,613,627,237,103,640,711,209,115,604,656,203,106,543,571,177,94,531,613,184,85,537,665,189,93,541,647,188,102,550,627,176,94,669,700,217,92,667,710,,,,
jun.-29,199,103,575,623,217,103,582,623,237,109,570,657,205,109,552,604,164,91,496,598,199,86,634,642,189,96,557,684,186,92,548,567,184,91,601,731,194,96,606,759,,,,
jun.-30,218,100,536,585,199,101,499,529,216,83,512,597,171,83,498,584,191,99,560,554,218,86,622,657,189,84,590,670,155,86,550,582,174,94,608,705,210,85,668,756,,,,
jul.-1,212,107,567,629,196,102,532,510,186,103,510,617,221,108,575,603,181,101,514,614,219,92,672,700,205,82,562,671,150,95,558,583,198,94,672,768,196,108,660,708,,,,
jul.-2,222,106,596,618,201,79,519,528,217,79,479,600,184,111,549,587,197,86,527,555,220,128,698,700,176,74,603,633,162,71,577,610,180,95,665,728,166,83,635,663,,,,
jul.-3,228,100,610,641,193,98,530,542,226,103,544,587,191,96,581,660,190,109,600,617,220,91,623,674,182,77,572,635,205,95,608,620,192,122,673,710,182,91,594,692,,,,
jul.-4,254,86,493,576,231,102,546,567,220,93,591,585,204,120,542,583,171,103,566,657,218,85,687,764,200,103,566,678,192,97,574,674,189,88,646,704,167,112,603,671,,,,
jul.-5,224,97,512,607,215,95,605,620,192,100,512,588,225,97,561,609,189,102,567,614,192,113,604,729,172,91,624,685,184,98,585,630,166,99,654,672,193,93,635,662,,,,
jul.-6,230,109,517,528,170,98,531,627,226,113,533,619,195,96,497,571,186,88,570,583,236,113,601,692,169,97,577,617,171,88,616,703,198,93,584,655,210,108,630,705,,,,
jul.-7,217,106,474,571,190,102,523,608,189,102,519,551,232,69,547,582,180,92,509,616,228,88,605,688,214,98,622,637,178,113,695,723,184,103,628,633,176,91,641,651,,,,
jul.-8,212,80,543,618,191,96,513,536,186,91,518,553,219,102,590,662,179,98,558,579,205,105,576,703,221,88,576,703,202,93,627,654,203,94,582,639,171,85,563,651,,,,
jul.-9,255,103,553,627,194,95,523,616,183,88,564,568,257,87,624,650,181,87,546,548,210,86,538,589,189,97,608,662,203,91,575,697,178,94,595,704,166,83,615,663,,,,
jul.-10,229,100,538,610,215,102,451,566,197,89,543,573,180,91,621,659,183,101,546,555,205,82,594,606,208,91,584,684,170,93,584,741,189,111,599,677,165,97,576,629,,,,
jul.-11,238,79,519,609,220,105,507,610,183,98,507,588,172,100,538,620,197,91,545,598,169,96,561,649,217,88,602,706,179,96,585,648,160,97,561,647,205,105,659,669,,,,
jul.-12,239,109,514,610,199,93,542,626,225,91,521,567,208,105,531,593,182,97,589,581,201,85,546,639,183,107,589,655,191,82,533,655,182,93,585,632,172,102,602,715,,,,
jul.-13,225,85,506,618,199,94,520,608,197,118,480,556,189,96,567,629,204,70,518,609,187,103,564,653,194,96,553,629,194,108,568,630,204,91,578,663,196,89,615,643,,,,
jul.-14,212,81,508,548,191,82,508,517,202,103,530,570,180,94,557,563,203,98,547,570,189,87,550,604,220,132,567,581,198,109,591,671,182,87,592,648,149,88,551,660,,,,
jul.-15,229,92,504,566,221,99,492,522,189,106,528,509,219,95,591,575,205,90,552,646,177,99,601,612,182,88,573,619,177,101,564,604,195,88,546,680,199,110,515,612,,,,
jul.-16,236,106,515,566,191,98,476,570,204,103,529,620,202,93,581,636,203,89,569,650,217,107,546,698,194,81,556,633,182,102,528,642,200,86,642,689,197,97,572,629,,,,
jul.-17,199,85,486,553,206,77,516,600,201,96,531,639,198,92,561,632,203,107,595,682,203,103,630,635,184,81,598,662,203,94,632,699,178,92,623,663,184,94,679,602,,,,
jul.-18,212,83,467,505,191,87,529,578,215,114,518,622,200,85,565,654,223,88,589,734,198,101,542,660,205,108,627,665,198,104,680,635,179,92,633,667,186,111,610,672,,,,
jul.-19,242,81,509,554,208,96,516,569,206,103,583,632,231,90,567,617,193,105,637,659,187,81,566,634,229,84,643,749,189,94,604,686,171,103,620,747,185,100,629,680,,,,
jul.-20,218,110,549,558,196,93,545,579,197,105,568,609,216,106,582,588,165,109,545,673,195,96,537,639,208,109,698,753,189,89,554,690,204,91,581,664,198,102,646,696,,,,
jul.-21,218,85,555,620,192,102,497,569,208,112,500,552,198,88,541,615,216,101,515,623,217,94,601,667,195,112,638,718,186,99,581,623,168,92,630,642,195,77,590,619,,,,
jul.-22,202,104,518,549,184,102,538,592,173,96,506,583,207,102,636,628,202,106,580,603,194,87,535,662,208,104,645,703,176,82,555,623,194,100,557,597,154,98,664,679,,,,
jul.-23,207,101,410,572,200,96,544,530,225,94,554,670,192,117,579,686,188,106,545,595,178,109,542,597,157,88,555,621,159,95,583,599,186,100,640,649,193,82,649,711,,,,
jul.-24,208,89,496,564,193,87,504,575,230,91,607,612,210,103,574,612,205,132,583,628,193,90,596,675,200,89,604,598,182,101,593,642,199,87,634,685,168,87,692,774,,,,
jul.-25,174,91,516,519,207,108,517,644,225,99,543,682,202,100,520,650,224,94,541,652,180,114,566,574,215,94,589,687,200,116,566,670,197,102,661,743,212,107,700,858,,,,
jul.-26,235,91,532,551,222,91,504,567,198,112,584,647,236,105,572,623,186,98,546,630,172,88,504,601,200,102,573,661,184,84,530,629,158,121,637,702,191,96,721,881,,,,
jul.-27,193,113,538,585,168,90,510,590,224,101,602,701,228,92,593,668,179,90,528,627,178,71,545,624,190,82,559,640,188,90,594,665,191,108,678,745,190,100,620,659,,,,
jul.-28,210,96,567,576,192,92,519,570,198,117,566,632,191,87,525,586,209,105,542,585,185,86,582,598,164,81,539,659,200,99,607,653,189,84,623,719,173,89,598,648,,,,
jul.-29,189,102,505,606,211,100,513,595,174,98,537,570,203,97,478,550,192,103,531,585,193,92,529,566,174,76,573,631,173,77,610,639,183,87,575,683,176,107,591,594,,,,
jul.-30,203,92,497,571,227,87,511,592,213,89,511,562,181,98,526,614,194,106,526,594,173,98,568,620,157,81,551,573,170,99,576,658,186,114,602,725,192,93,563,638,,,,
jul.-31,209,102,448,550,183,91,514,557,217,75,540,592,199,104,503,618,209,93,591,597,202,105,562,611,177,97,512,627,208,76,546,693,201,87,630,661,150,99,549,637,,,,
ago.-1,216,85,451,516,241,118,536,588,215,102,553,595,201,102,535,625,190,103,598,664,180,97,556,646,178,100,553,570,169,114,609,679,203,96,599,691,157,89,585,695,,,,
ago.-2,206,105,467,625,214,105,575,649,183,100,532,599,214,85,580,622,179,97,574,631,199,87,565,614,181,96,564,650,202,108,607,688,185,86,564,687,191,96,575,697,,,,
ago.-3,205,95,529,573,224,111,566,659,195,103,518,586,214,114,502,593,213,89,514,599,210,101,586,699,206,87,576,625,217,98,652,713,196,106,610,676,168,83,616,665,,,,
ago.-4,222,97,455,549,199,97,512,633,206,81,522,593,192,101,540,537,194,99,576,606,201,80,585,728,171,97,584,634,189,103,613,679,183,104,663,728,165,78,613,662,,,,
ago.-5,205,108,508,549,203,96,499,644,193,104,507,551,201,94,516,620,210,102,523,597,190,96,569,652,184,106,562,639,195,82,565,628,193,91,619,716,180,80,601,654,,,,
ago.-6,218,85,474,546,184,92,524,562,211,96,523,602,190,90,572,646,203,94,528,623,207,107,644,707,193,85,554,605,178,90,554,615,211,90,698,709,179,98,619,687,,,,
ago.-7,205,94,539,555,192,85,521,561,200,94,509,601,193,105,515,597,207,71,553,632,200,116,570,687,187,84,522,622,178,92,574,653,226,95,698,780,158,100,575,704,,,,
ago.-8,209,109,488,555,206,84,482,527,204,109,482,589,175,86,502,561,210,101,530,671,224,96,533,647,199,92,567,608,194,90,616,654,202,94,678,715,187,104,569,672,,,,
ago.-9,250,94,480,553,195,93,520,578,214,95,531,598,184,93,503,523,181,100,527,615,183,75,557,640,194,98,571,614,198,77,519,636,189,90,573,714,198,96,639,716,,,,
ago.-10,182,90,524,621,225,104,442,567,231,96,546,583,226,85,476,546,169,113,509,604,213,85,523,650,164,77,526,569,191,105,545,642,182,81,561,636,163,86,602,642,,,,
ago.-11,201,86,567,623,195,100,498,555,215,98,538,587,163,93,484,564,184,89,574,549,183,106,592,625,176,100,569,597,174,104,539,643,172,79,603,582,158,88,534,646,,,,
ago.-12,197,80,518,605,185,89,527,607,192,96,513,602,198,92,522,604,199,95,520,549,203,104,621,709,196,96,581,636,154,98,572,649,175,87,597,678,180,89,555,636,,,,
ago.-13,222,96,517,540,201,84,544,563,219,94,596,611,182,84,494,550,187,86,525,610,206,81,593,657,173,79,625,601,180,103,509,618,170,87,599,681,159,92,571,623,,,,
ago.-14,189,96,496,574,182,85,500,596,205,92,554,629,184,95,512,565,185,90,503,601,175,110,561,653,190,96,553,643,163,103,572,655,189,107,582,679,169,78,607,625,,,,
ago.-15,180,102,486,512,166,83,456,575,171,110,491,596,185,91,513,577,156,84,509,572,175,85,497,636,220,100,613,666,180,79,599,660,159,106,538,612,165,73,587,655,,,,
ago.-16,182,99,485,537,195,86,530,549,207,107,496,567,205,92,538,600,179,81,488,561,161,96,493,574,167,97,583,686,165,86,628,670,173,105,558,652,175,85,582,666,,,,
ago.-17,199,106,473,535,237,103,512,579,214,88,574,595,178,81,541,580,169,94,486,554,190,86,505,641,143,79,641,720,191,84,590,640,165,114,620,625,160,102,595,668,,,,
ago.-18,194,90,526,568,194,87,543,634,200,106,515,626,225,96,542,543,176,85,552,637,189,99,521,570,188,104,608,667,199,106,572,681,183,96,540,597,148,88,586,658,,,,
ago.-19,166,100,523,569,212,87,496,625,224,93,549,636,206,83,541,587,204,113,616,593,171,94,505,686,179,93,589,620,163,104,541,622,184,89,543,607,182,99,570,628,,,,
ago.-20,224,113,540,632,191,90,510,554,189,93,546,644,197,91,462,571,195,120,558,591,205,90,583,659,188,99,551,638,188,101,525,633,194,96,613,673,160,81,566,709,,,,
ago.-21,217,116,548,613,215,84,547,638,196,96,546,663,232,110,496,532,208,110,526,615,182,85,557,658,192,92,534,595,202,94,525,648,179,103,617,692,166,95,595,687,,,,
ago.-22,228,108,552,591,210,101,532,615,208,106,523,611,202,108,562,609,197,73,562,632,197,103,593,647,196,90,584,618,187,95,626,685,185,82,632,703,189,94,545,604,,,,
ago.-23,230,93,549,665,198,84,576,630,193,80,559,587,193,100,574,624,191,87,532,623,166,95,544,634,180,85,613,634,160,109,612,665,191,112,596,691,175,122,617,695,,,,
ago.-24,212,103,499,576,226,103,522,580,205,115,518,600,225,82,552,579,192,79,546,622,192,94,581,579,188,94,588,704,162,101,608,658,171,114,620,623,190,87,604,704,,,,
ago.-25,238,68,461,587,196,107,511,559,195,80,510,595,172,80,502,511,207,79,575,680,179,96,567,631,188,102,614,728,195,88,604,687,165,77,614,630,170,82,588,741,,,,
ago.-26,183,115,497,656,182,99,540,575,215,87,510,544,168,91,558,597,197,98,550,697,174,83,534,643,193,104,575,666,185,87,600,685,172,76,533,635,180,99,608,718,,,,
ago.-27,192,100,545,606,171,73,462,517,191,94,449,559,193,88,530,635,226,83,576,653,183,105,549,669,190,74,650,707,182,102,575,688,167,100,614,664,157,113,624,780,,,,
ago.-28,179,88,502,553,191,90,458,509,199,98,497,631,200,91,548,573,187,92,610,676,213,113,542,634,164,94,578,727,221,105,643,682,177,99,627,704,161,105,625,767,,,,
ago.-29,214,92,487,492,206,108,450,556,172,94,501,571,228,99,525,592,185,116,599,621,192,95,596,640,192,87,575,644,196,107,654,721,167,102,604,720,177,96,611,715,,,,
ago.-30,194,96,534,530,213,102,489,530,178,93,496,552,194,98,536,580,204,118,552,622,182,91,617,680,185,95,603,661,188,94,629,730,169,79,578,614,191,111,663,679,,,,
ago.-31,195,101,498,575,218,101,479,549,195,85,484,550,191,83,508,564,176,81,551,594,219,111,628,664,178,87,619,642,176,98,572,642,168,99,560,673,167,67,579,680,,,,
set.-1,236,94,496,575,210,83,525,627,201,87,514,525,197,109,511,602,199,82,524,633,205,79,546,684,169,81,570,643,176,102,565,619,151,80,561,632,167,85,593,687,,,,
set.-2,214,91,500,598,205,104,528,630,154,108,464,592,187,102,508,598,182,111,550,616,177,93,533,583,216,101,588,680,169,94,547,629,179,70,561,620,183,86,565,662,,,,
set.-3,227,98,557,639,196,100,536,616,207,64,532,614,203,84,540,556,208,94,561,644,189,85,538,640,172,68,536,684,173,86,525,583,188,90,592,635,169,90,598,651,,,,
set.-4,186,93,511,598,169,101,498,558,211,94,577,602,204,85,555,634,197,104,599,684,181,99,535,616,154,85,548,606,183,88,561,641,191,96,600,696,154,88,574,732,,,,
set.-5,193,105,510,584,198,100,479,546,194,91,550,573,213,107,580,613,194,98,572,657,172,100,526,644,195,102,569,675,194,86,593,607,169,108,632,723,153,86,573,617,,,,
set.-6,203,106,533,610,207,108,501,530,180,108,537,576,197,116,536,646,214,94,572,658,181,82,522,593,200,108,612,643,176,90,564,673,175,109,610,686,172,88,593,640,,,,
set.-7,215,100,513,631,200,102,522,573,218,87,467,603,194,93,520,565,202,87,540,622,176,88,594,626,166,86,576,603,174,79,497,595,184,107,646,687,137,97,582,715,,,,
set.-8,189,96,516,602,192,107,516,559,201,106,536,604,181,96,511,615,188,97,590,661,187,100,603,667,186,102,621,662,200,102,597,639,164,88,555,628,151,86,588,658,,,,
set.-9,196,81,482,628,232,119,523,618,177,91,558,599,214,93,520,558,198,76,562,675,185,91,588,634,202,112,550,673,159,83,578,625,170,97,626,656,161,94,627,663,,,,
set.-10,207,80,506,590,182,81,552,651,215,82,575,673,182,101,547,583,184,98,538,623,190,108,561,700,193,96,544,600,167,89,507,658,192,101,616,688,174,91,602,676,,,,
set.-11,216,91,507,593,200,87,496,599,195,95,562,594,168,93,490,603,190,100,535,622,196,80,588,666,188,87,522,706,169,92,560,662,193,95,578,709,165,113,592,696,,,,
set.-12,218,97,493,578,184,101,507,586,195,88,504,562,186,96,537,553,181,98,511,598,180,103,553,642,208,107,596,671,203,103,582,648,163,108,639,685,189,88,579,713,,,,
set.-13,218,111,491,600,236,90,534,611,204,106,512,563,216,101,554,592,181,109,552,606,182,86,564,595,201,114,648,624,177,78,629,707,161,116,632,712,172,108,636,702,,,,
set.-14,228,98,502,611,207,92,547,556,200,108,554,566,176,74,540,627,211,89,525,610,173,87,553,669,176,115,623,719,164,94,607,686,173,86,624,667,193,87,602,660,,,,
set.-15,208,103,546,618,204,102,473,573,194,106,500,590,174,85,534,593,183,102,517,604,199,114,552,663,192,82,561,658,184,80,614,676,164,88,597,703,170,68,609,722,,,,
set.-16,201,108,508,556,209,111,541,531,222,94,555,549,201,99,532,604,218,77,576,649,190,105,624,703,178,95,565,673,190,78,585,699,174,87,524,674,204,102,609,721,,,,
set.-17,192,103,558,590,200,119,533,592,225,87,538,658,187,82,546,617,196,80,565,673,198,106,570,657,176,86,528,600,175,83,577,706,199,95,627,661,168,87,631,741,,,,
set.-18,182,84,498,590,217,97,460,585,197,109,572,618,204,101,529,643,206,104,596,705,183,115,578,686,171,88,559,585,196,81,619,735,156,90,628,672,164,70,601,662,,,,
set.-19,226,91,529,591,217,98,473,574,178,72,490,583,184,101,558,623,189,99,626,655,184,84,529,637,197,94,585,693,178,87,646,727,155,99,636,693,192,72,604,701,,,,
set.-20,208,115,542,585,205,108,511,527,174,91,474,589,192,99,534,579,178,97,568,624,183,93,582,671,181,105,574,666,197,96,628,683,192,89,659,674,193,106,665,698,,,,
set.-21,220,119,547,656,189,93,518,543,206,111,547,571,182,99,531,660,193,83,502,604,195,105,595,664,189,92,583,603,180,116,656,727,178,107,598,687,188,98,662,729,,,,
set.-22,237,111,535,604,185,105,521,552,202,101,574,580,178,107,573,604,184,94,535,603,175,96,656,666,172,99,595,640,204,85,658,720,178,92,575,662,163,83,658,699,,,,
set.-23,202,102,528,624,220,92,531,574,211,103,547,627,217,104,597,643,189,84,552,569,177,80,599,670,215,77,607,707,191,98,653,745,198,102,588,644,174,84,589,703,,,,
set.-24,198,91,563,622,192,80,519,580,209,86,586,684,214,83,594,679,205,94,510,622,200,95,573,624,160,93,568,673,191,90,602,725,182,84,612,611,166,91,600,632,,,,
set.-25,198,101,475,616,222,84,537,556,187,99,541,640,209,94,565,652,188,79,525,587,186,105,604,671,191,75,557,664,193,94,638,750,188,95,567,684,172,81,623,697,,,,
set.-26,215,101,496,574,188,82,494,537,229,97,571,657,169,96,554,638,182,84,555,594,177,82,546,690,169,100,590,714,185,92,646,743,162,77,601,627,170,92,630,737,,,,
set.-27,180,104,589,605,172,70,390,468,169,92,573,643,184,99,594,697,176,88,560,622,183,83,655,649,167,92,551,699,175,90,659,778,194,95,618,730,163,82,602,703,,,,
set.-28,191,81,543,627,202,70,476,537,190,79,543,618,191,85,570,657,208,102,516,609,171,107,653,657,172,94,569,663,188,92,663,756,187,93,649,730,170,92,642,683,,,,
set.-29,202,90,544,563,214,113,578,618,200,102,511,610,155,92,555,643,186,98,597,656,178,70,601,645,162,117,626,735,194,104,674,730,161,84,624,699,173,72,617,679,,,,
set.-30,207,104,549,683,212,106,518,615,192,79,533,577,204,93,588,658,199,94,597,703,186,105,594,697,178,84,613,672,206,89,647,736,156,101,555,672,156,112,608,716,,,,
out.-1,221,97,598,632,211,105,544,611,206,103,573,676,173,102,580,657,178,85,553,642,194,109,609,698,186,94,584,734,172,104,586,667,175,100,605,709,184,96,648,725,,,,
out.-2,217,102,548,626,214,110,534,606,196,104,583,647,183,89,574,649,197,95,616,625,202,92,651,715,169,88,609,669,214,87,630,691,197,101,635,660,172,95,639,721,,,,
out.-3,244,106,553,684,193,79,550,647,204,106,576,677,197,96,586,645,211,77,581,630,207,88,605,709,181,87,597,676,188,96,605,753,173,95,647,721,189,89,658,691,,,,
out.-4,237,103,607,649,188,104,544,628,226,109,593,654,193,95,588,605,187,83,589,573,183,87,624,685,185,83,590,698,171,98,626,668,165,95,679,806,149,93,655,713,,,,
out.-5,205,108,581,689,227,122,493,615,198,112,644,626,184,79,566,620,185,73,567,615,152,111,676,787,201,91,627,686,203,114,648,755,167,105,634,758,169,71,637,723,,,,
out.-6,227,101,561,608,194,112,531,603,187,96,572,669,183,76,547,601,222,94,564,644,206,92,651,797,178,96,628,702,183,98,636,702,205,94,689,706,131,98,665,725,,,,
out.-7,224,102,533,642,214,87,492,584,205,84,573,651,229,94,551,621,183,111,572,654,197,87,641,644,189,93,629,718,172,89,642,714,173,75,613,685,183,88,639,701,,,,
out.-8,194,128,575,662,226,86,549,607,199,99,580,712,189,102,575,599,203,123,626,727,208,91,659,657,163,98,626,686,166,114,612,716,171,86,614,681,176,86,663,713,,,,
out.-9,212,91,598,664,181,103,526,580,203,95,611,659,189,87,568,567,188,81,570,683,194,88,642,701,169,84,635,698,200,99,624,676,171,81,674,747,177,95,638,690,,,,
out.-10,190,81,519,656,202,105,574,635,202,83,599,687,182,103,611,595,188,99,583,635,168,87,635,755,204,108,605,731,206,116,655,749,181,95,656,753,191,96,620,741,,,,
out.-11,226,111,546,598,218,105,542,664,204,86,615,598,201,111,534,629,200,90,552,633,205,93,572,679,209,93,616,771,213,86,667,767,194,102,711,701,186,107,659,723,,,,
out.-12,179,90,583,639,194,108,536,602,215,107,544,641,181,89,537,635,153,81,565,676,186,107,622,719,179,103,602,782,181,85,701,705,184,93,652,753,180,82,653,731,,,,
out.-13,202,112,555,661,202,96,581,626,192,107,559,618,190,101,541,632,204,105,572,678,202,89,617,710,205,89,637,742,207,99,599,730,166,90,628,749,177,103,643,741,,,,
out.-14,199,100,537,666,201,109,549,605,216,95,518,626,197,100,574,675,195,83,572,661,186,95,636,724,181,102,683,780,178,93,646,665,200,96,599,739,187,105,694,702,,,,
out.-15,224,97,554,640,208,99,582,601,212,100,546,622,189,91,579,705,178,78,570,664,200,93,617,700,188,109,629,694,178,105,597,710,175,108,666,730,180,95,652,735,,,,
out.-16,210,97,536,584,230,95,512,595,216,103,585,649,188,115,597,671,196,84,635,671,176,99,622,661,174,79,622,737,190,103,678,752,192,105,609,746,178,83,639,777,,,,
out.-17,202,87,543,587,191,106,552,648,195,99,561,687,203,106,618,702,198,92,589,683,191,94,609,707,195,97,656,807,174,110,618,712,183,97,627,717,169,106,628,713,,,,
out.-18,236,118,565,644,202,101,605,645,218,117,605,681,182,97,545,692,189,92,524,736,202,88,591,723,205,94,653,757,199,105,606,721,184,89,583,725,182,83,678,695,,,,
out.-19,206,106,569,608,221,86,579,644,237,102,594,651,198,99,610,660,177,98,548,691,202,91,643,744,189,89,620,725,210,78,599,712,187,86,604,703,153,89,652,727,,,,
out.-20,191,106,580,673,207,109,564,632,208,114,559,719,176,93,555,711,188,87,572,693,189,98,660,728,183,109,648,738,186,90,620,716,163,97,648,631,155,94,644,750,,,,
out.-21,205,118,559,655,224,102,595,671,180,100,553,641,224,76,592,693,194,78,562,681,193,84,635,749,183,106,658,735,184,94,600,676,162,82,555,703,175,94,589,775,,,,
out.-22,219,89,599,627,200,105,569,698,199,104,589,646,193,84,614,648,178,80,525,622,201,106,642,731,176,101,648,763,171,98,609,661,182,81,586,719,184,83,628,734,,,,
out.-23,196,97,546,630,195,92,558,666,188,103,611,673,195,101,583,667,179,98,540,633,187,97,674,738,186,80,640,730,165,87,595,703,197,88,627,749,162,96,668,753,,,,
out.-24,202,87,592,653,226,95,606,714,202,95,577,682,187,95,543,675,180,120,592,605,180,102,626,716,189,107,704,726,187,73,632,764,157,89,664,723,190,104,649,730,,,,
out.-25,202,101,546,588,220,106,607,745,168,112,579,604,184,89,589,664,192,81,560,700,192,85,637,716,185,94,716,766,180,111,615,751,181,94,671,736,178,107,637,795,,,,
out.-26,213,98,575,669,201,99,600,618,218,97,555,660,203,110,581,657,225,102,581,693,209,100,666,795,178,95,622,768,169,110,654,751,172,99,623,699,163,101,641,738,,,,
out.-27,221,126,555,658,219,82,556,678,188,89,552,637,214,85,595,644,203,97,576,644,185,97,611,749,178,87,666,688,164,99,650,724,175,108,621,721,163,93,637,702,,,,
out.-28,205,113,560,671,203,99,558,628,190,95,610,620,201,132,551,629,184,115,618,671,190,94,639,699,216,111,638,733,149,94,634,715,175,107,642,714,166,96,653,720,,,,
out.-29,209,101,615,669,204,100,608,679,209,85,597,657,219,98,609,590,198,93,614,662,191,107,583,689,192,92,636,720,151,101,628,711,188,75,654,698,162,102,652,714,,,,
out.-30,213,109,613,674,196,98,609,654,212,120,587,693,174,85,545,601,191,103,600,662,206,119,648,714,191,89,647,730,165,82,630,647,201,101,688,773,162,105,629,776,,,,
out.-31,202,103,569,686,201,87,607,629,193,107,571,724,198,93,547,616,180,110,589,680,191,97,625,689,191,97,666,739,175,111,628,715,180,129,625,755,176,85,627,800,,,,
nov.-1,210,103,564,638,201,87,596,702,202,97,634,692,198,95,530,588,182,108,609,699,181,95,607,715,167,94,613,778,164,94,647,692,160,81,656,707,183,106,696,734,,,,
nov.-2,206,110,598,654,194,95,577,620,177,102,605,669,173,100,582,637,183,96,574,687,186,95,581,710,183,77,640,690,199,100,660,737,174,88,637,722,177,106,717,742,,,,
nov.-3,202,98,596,668,211,99,531,627,186,80,589,698,164,95,549,596,215,104,579,733,199,89,605,728,180,100,642,692,188,116,686,752,180,74,655,714,152,92,659,775,,,,
nov.-4,213,102,600,650,214,98,567,673,203,84,602,676,186,96,568,647,175,85,596,680,189,101,649,698,185,114,640,748,175,105,619,775,185,92,647,724,180,93,677,787,,,,
nov.-5,199,83,608,670,206,104,569,628,232,100,595,732,161,80,519,638,195,84,581,667,209,90,608,697,170,90,637,792,142,101,606,724,174,95,704,798,175,77,623,769,,,,
nov.-6,203,95,567,651,221,98,583,645,221,105,615,674,187,99,588,657,178,73,630,692,181,91,635,693,190,81,597,734,178,104,630,697,190,115,677,735,181,103,717,727,,,,
nov.-7,210,94,581,605,198,78,567,658,232,108,546,670,198,122,573,647,186,84,632,701,195,97,633,672,173,93,640,729,162,105,662,769,187,92,706,749,210,96,717,729,,,,
nov.-8,197,102,547,640,206,110,601,645,207,102,633,687,192,91,573,628,203,94,615,689,181,77,568,689,179,107,674,728,188,99,638,732,166,94,654,756,160,93,642,745,,,,
nov.-9,197,94,559,679,200,108,578,621,217,102,592,720,183,96,548,683,168,97,579,658,187,84,563,661,151,94,641,775,209,104,633,771,163,100,617,752,197,96,722,790,,,,
nov.-10,191,109,567,650,196,70,531,653,193,107,570,709,180,97,560,677,191,92,584,712,199,91,590,637,188,101,656,767,183,95,630,776,183,103,664,746,152,93,629,776,,,,
nov.-11,190,81,528,603,195,88,565,644,181,101,594,683,146,80,491,631,162,88,622,672,175,68,553,662,171,99,670,796,166,99,693,752,166,87,677,729,148,73,647,693,,,,
nov.-12,200,98,538,646,199,93,535,669,215,93,533,691,197,97,593,633,191,99,615,709,194,89,606,663,183,85,650,738,188,86,670,705,197,104,643,768,160,122,704,772,,,,
nov.-13,208,114,527,616,190,78,532,650,208,90,589,680,192,96,604,623,180,100,640,707,214,112,628,672,185,85,674,738,188,93,697,703,177,96,707,783,201,89,703,761,,,,
nov.-14,210,97,554,686,198,115,557,630,193,89,568,675,198,101,562,661,219,87,575,685,218,113,575,682,183,97,694,731,173,106,695,786,176,92,666,692,190,94,706,802,,,,
nov.-15,217,97,553,670,188,106,576,633,227,112,651,675,205,105,584,673,205,97,626,691,189,104,574,671,198,108,645,781,183,97,629,772,180,89,646,760,187,114,682,799,,,,
nov.-16,205,114,582,666,204,95,599,667,198,103,626,685,188,95,584,627,188,81,589,689,192,106,601,683,180,93,669,800,179,113,685,706,159,85,622,733,164,80,708,784,,,,
nov.-17,196,108,560,621,210,103,566,628,200,98,612,675,208,91,572,662,204,96,581,696,190,96,613,688,184,93,669,764,188,79,652,754,183,94,631,737,177,81,690,794,,,,
nov.-18,194,124,542,630,226,112,568,692,227,87,579,689,168,85,628,670,182,108,660,714,187,114,594,708,191,107,664,824,198,87,670,789,164,95,643,696,181,79,668,837,,,,
nov.-19,212,100,556,633,209,103,549,639,226,105,597,678,205,108,624,689,208,95,613,722,174,85,596,668,201,96,677,714,176,93,641,710,189,71,642,735,174,91,752,776,,,,
nov.-20,191,112,506,638,225,96,550,664,205,86,563,723,193,95,586,619,194,110,653,666,159,83,577,695,209,87,664,763,164,93,680,745,163,94,677,754,160,92,721,791,,,,
nov.-21,223,78,571,566,202,108,557,652,220,86,582,659,191,89,594,684,192,117,558,694,171,100,594,654,194,114,604,790,208,103,685,757,202,94,651,767,164,103,702,798,,,,
nov.-22,223,84,563,604,197,116,553,677,193,101,586,668,184,96,622,687,202,101,615,719,180,97,614,652,186,99,634,777,191,96,712,774,177,96,633,741,187,92,777,823,,,,
nov.-23,233,96,541,643,201,116,537,674,198,104,595,661,212,101,594,666,195,96,598,750,183,108,615,717,205,95,651,764,189,93,701,725,183,75,682,790,178,93,736,822,,,,
nov.-24,215,95,547,644,238,112,637,581,185,91,571,669,197,86,576,632,195,102,611,704,204,95,646,719,212,93,650,783,180,113,696,752,157,92,705,798,161,77,671,787,,,,
nov.-25,215,86,619,657,219,111,555,655,192,95,578,598,202,106,600,694,185,91,634,710,189,97,632,672,191,113,622,812,187,87,630,805,174,93,678,763,193,94,712,814,,,,
nov.-26,217,104,558,650,201,94,579,635,220,123,600,699,215,106,593,769,187,98,557,721,188,100,600,744,178,88,647,752,185,92,637,750,163,98,646,783,194,87,731,825,,,,
nov.-27,202,102,523,647,225,101,557,625,203,106,596,690,185,93,626,680,197,88,603,671,183,100,644,641,176,104,584,696,167,103,663,736,188,99,677,755,186,93,742,799,,,,
nov.-28,209,100,540,664,216,126,594,664,191,96,584,649,232,96,608,685,173,100,615,706,198,80,642,719,187,98,656,745,179,93,677,780,176,120,706,734,174,97,669,783,,,,
nov.-29,213,119,573,670,197,101,625,666,211,92,598,689,190,108,630,709,180,74,619,676,176,69,623,722,209,89,656,726,187,93,704,781,194,84,697,726,200,103,700,833,,,,
nov.-30,179,101,628,618,204,91,558,707,189,118,580,684,216,99,633,723,180,90,568,713,201,84,628,707,179,96,644,713,197,123,678,769,184,115,667,736,183,84,664,801,,,,
dez.-1,198,104,620,688,231,115,642,644,218,83,549,720,168,101,605,744,207,91,628,683,209,93,660,744,187,109,645,728,170,108,697,824,200,92,673,774,167,84,641,743,,,,
dez.-2,240,98,599,690,197,109,606,661,213,103,607,651,218,98,639,658,168,78,622,720,201,91,647,750,222,124,653,779,192,92,640,798,157,98,659,776,200,105,696,754,,,,
dez.-3,200,94,619,668,185,110,576,655,220,116,574,712,220,100,615,665,187,92,637,648,185,88,709,716,207,93,642,797,198,86,696,763,191,101,680,747,161,88,731,824,,,,
dez.-4,207,89,621,608,218,101,537,663,198,101,678,703,219,97,577,724,200,124,653,729,188,92,601,696,193,66,631,742,176,97,700,768,180,101,633,791,177,97,702,785,,,,
dez.-5,208,100,553,711,237,112,578,693,228,115,611,695,192,99,585,700,210,103,624,717,199,98,650,676,175,90,684,755,179,108,728,791,183,105,655,754,177,92,696,814,,,,
dez.-6,210,98,605,712,215,84,611,698,206,101,619,703,221,118,655,701,192,103,597,732,199,96,634,658,200,106,659,774,223,114,713,809,175,85,648,780,168,98,659,779,,,,
dez.-7,204,89,638,715,233,107,608,677,198,102,628,677,181,93,585,729,191,119,638,677,206,100,601,767,175,96,701,746,198,108,662,819,197,102,655,733,183,101,695,808,,,,
dez.-8,191,115,585,709,194,113,642,666,232,100,615,675,181,109,638,689,195,93,630,764,193,102,638,745,202,106,702,791,173,106,701,775,177,81,665,732,159,80,681,789,,,,
dez.-9,212,88,617,699,248,117,592,671,198,109,632,665,204,105,601,724,212,100,607,730,224,107,613,709,179,103,709,769,180,99,688,791,160,70,640,706,169,103,699,814,,,,
dez.-10,229,101,571,660,193,96,602,661,195,98,669,695,196,85,607,706,204,85,716,778,192,97,603,742,200,109,690,776,192,77,696,790,181,86,643,734,172,94,729,773,,,,
dez.-11,185,95,558,680,204,85,606,632,196,95,620,694,217,96,637,741,185,103,691,734,219,104,672,751,192,96,710,835,195,113,771,847,200,93,651,738,165,93,678,797,,,,
dez.-12,204,102,597,636,214,112,626,678,219,108,642,720,208,88,647,729,206,109,655,757,190,96,621,717,182,98,717,839,190,93,746,870,187,99,718,762,194,93,717,841,,,,
dez.-13,217,104,619,658,221,111,585,684,213,115,666,785,207,113,657,730,223,112,658,750,187,91,617,681,195,118,699,751,182,116,760,806,176,110,634,758,197,133,709,838,,,,
dez.-14,199,93,640,675,222,99,587,677,194,97,662,782,224,91,633,684,170,92,674,764,210,96,618,729,177,101,734,817,219,107,759,788,177,100,653,734,191,114,702,827,,,,
dez.-15,237,106,622,680,212,105,583,684,211,115,629,806,191,125,565,732,195,100,666,706,189,84,692,721,196,89,743,823,218,127,719,897,177,99,719,689,168,86,695,771,,,,
dez.-16,232,106,593,712,221,111,666,691,212,100,618,738,196,90,630,715,183,116,684,825,196,95,646,716,186,127,704,794,188,92,695,782,164,98,675,830,178,84,654,814,,,,
dez.-17,232,110,620,729,222,83,616,720,180,119,640,736,184,94,630,730,181,103,622,780,189,84,666,723,187,96,692,817,176,98,676,794,207,99,698,781,164,112,721,866,,,,
dez.-18,205,110,622,647,236,91,580,636,216,115,609,798,216,91,638,765,206,105,714,800,199,102,660,724,192,89,699,810,202,104,737,819,188,107,734,769,187,103,746,799,,,,
dez.-19,215,101,595,736,215,111,614,741,210,93,626,710,205,97,646,721,216,107,713,786,184,90,642,737,187,96,736,885,189,118,758,820,198,99,736,784,176,99,722,824,,,,
dez.-20,231,135,649,744,206,84,647,710,210,99,650,732,201,107,631,680,225,101,686,713,197,88,620,681,177,104,746,860,180,94,706,890,186,104,711,774,224,107,706,817,,,,
dez.-21,201,119,629,727,200,107,625,770,205,103,650,675,198,86,615,679,175,88,637,711,179,105,583,717,192,100,754,878,176,112,696,843,174,88,690,817,161,84,744,832,,,,
dez.-22,216,122,641,776,222,108,578,770,211,116,625,786,204,91,593,699,192,108,693,764,202,88,643,727,196,106,766,885,205,119,747,855,189,93,666,779,183,78,667,868,,,,
dez.-23,218,99,655,738,213,120,647,756,220,81,650,716,216,79,636,775,183,99,612,770,193,97,675,720,219,104,702,921,217,96,751,852,163,107,671,814,187,92,699,819,,,,
dez.-24,218,93,619,713,201,105,578,652,224,93,666,719,201,90,640,732,216,100,664,736,182,88,643,778,225,122,784,958,181,96,733,841,185,94,720,741,199,104,663,812,,,,
dez.-25,210,117,644,702,209,92,612,739,209,93,654,768,208,108,687,716,205,100,637,762,180,97,600,658,168,86,753,941,207,117,741,826,186,93,668,778,164,85,711,793,,,,
dez.-26,222,107,616,722,209,108,632,706,222,119,661,762,206,124,664,794,222,114,669,744,197,96,661,737,226,106,843,1013,200,114,798,871,172,108,663,796,198,88,725,800,,,,
dez.-27,234,110,696,760,234,112,629,758,231,93,624,803,222,118,625,726,220,114,700,794,168,97,630,722,178,110,771,1019,237,113,796,971,191,112,684,817,187,97,748,798,,,,
dez.-28,239,113,689,739,224,120,633,741,221,103,641,772,197,116,656,754,188,93,666,758,204,94,671,796,221,108,844,951,204,104,744,918,194,103,765,795,185,88,721,836,,,,
dez.-29,206,101,640,837,230,120,653,740,223,98,673,768,193,99,649,687,215,102,698,796,191,111,671,726,211,102,784,996,198,102,769,930,177,103,683,781,170,88,687,770,,,,
dez.-30,205,123,660,742,208,96,632,714,210,102,607,736,224,110,616,715,213,110,730,831,210,94,662,776,204,92,797,1009,207,91,777,884,183,96,669,808,203,112,762,815,,,,
dez.-31,224,103,624,789,224,108,625,710,236,97,643,764,184,97,642,710,205,110,714,799,196,105,634,761,187,112,804,972,195,100,721,957,183,110,749,848,152,114,721,814,,,,